COUNTRY ;ABUNDANCE;TEMPERATURE;OVEREXPLOITATION;RECOVERY 
BE;0.637807268;0.642857143;0.862660944;0.66934341
DK;0.637807268;0.642857143;0.862660944;0.66934341
DE;0.637807268;0.642857143;0.862660944;0.66934341
EE;;;;
IE;;;;
ES;0.568903634;0.642857143;0.681330472;0.598488427
FR;0.568903634;0.642857143;0.681330472;0.598488427
LV;;;;
LT;;;;
NL;;;;
PL;;;;
PT;0.5;0.642857143;0.5;0.527633444
FI;;;;
SE;0.637807268;0.642857143;0.862660944;0.66934341
